Waktu,Temp1,Temp2,Humid 1,Humid 2,Baterai,Temp outdoor,Humidity outdoor
2025-11-17 09:00:00+07:00,,,62.75833333333333,61.99166666666667,,29.49777777777778,69.22
2025-11-17 15:00:00+07:00,,,62.75833333333333,61.99166666666667,,26.525000000000002,89.76041666666667
2025-11-17 16:00:00+07:00,,,62.75833333333333,61.99166666666667,,25.381052631578946,95.66894736842104
2025-11-17 17:00:00+07:00,,,62.75833333333333,61.99166666666667,,24.518918918918917,97.16801801801802
2025-11-17 18:00:00+07:00,,,62.75833333333333,61.99166666666667,,24.272888888888886,97.59733333333334
2025-11-17 19:00:00+07:00,,,62.75833333333333,61.99166666666667,,24.09419642857143,97.22633928571429
2025-11-17 20:00:00+07:00,,,62.75833333333333,61.99166666666667,,23.923660714285713,96.49017857142857
2025-11-17 21:00:00+07:00,,,62.75833333333333,61.99166666666667,,23.758928571428573,96.37723214285714
2025-11-17 22:00:00+07:00,,,62.75833333333333,61.99166666666667,,23.612888888888893,96.00977777777778
2025-11-17 23:00:00+07:00,,,62.75833333333333,61.99166666666667,,23.524553571428573,95.42633928571429
2025-11-18 00:00:00+07:00,,,62.75833333333333,61.99166666666667,,23.44622222222222,95.7688888888889
2025-11-18 01:00:00+07:00,,,62.75833333333333,61.99166666666667,,23.38938053097345,96.04380530973452
2025-11-18 02:00:00+07:00,,,62.75833333333333,61.99166666666667,,23.373333333333335,95.96622222222223
2025-11-18 03:00:00+07:00,,,62.75833333333333,61.99166666666667,,23.276000000000003,95.652
2025-11-18 04:00:00+07:00,,,62.75833333333333,61.99166666666667,,23.17920353982301,95.54159292035399
2025-11-18 05:00:00+07:00,,,62.75833333333333,61.99166666666667,,23.11777777777778,95.51955555555556
2025-11-18 06:00:00+07:00,,,62.75833333333333,61.99166666666667,,23.36622222222222,96.21022222222221
2025-11-18 07:00:00+07:00,,,62.75833333333333,61.99166666666667,,23.784,97.09244444444444
2025-11-18 08:00:00+07:00,,,62.75833333333333,61.99166666666667,,24.3625,96.60000000000001
2025-11-18 09:00:00+07:00,,,62.75833333333333,61.99166666666667,,25.316666666666666,95.23198198198199
2025-11-18 10:00:00+07:00,,,62.75833333333333,61.99166666666667,,25.60493273542601,93.25515695067266
2025-11-18 11:00:00+07:00,,,62.75833333333333,61.99166666666667,,25.557333333333332,93.24711111111111
2025-11-18 12:00:00+07:00,,,62.75833333333333,61.99166666666667,,25.05982142857143,95.06830357142857
2025-11-18 13:00:00+07:00,,,62.75833333333333,61.99166666666667,,24.755223880597015,95.55223880597015
2025-11-18 14:00:00+07:00,,,62.75833333333333,61.99166666666667,,24.911607142857143,96.925
2025-11-18 15:00:00+07:00,,,62.75833333333333,61.99166666666667,,24.9262443438914,97.40859728506787
2025-11-18 16:00:00+07:00,,,62.75833333333333,61.99166666666667,,24.800444444444445,98.24577777777777
2025-11-18 17:00:00+07:00,,,62.75833333333333,61.99166666666667,,24.719555555555555,99.03555555555556
2025-11-18 18:00:00+07:00,,,62.75833333333333,61.99166666666667,,24.305803571428573,93.29107142857143
2025-11-18 19:00:00+07:00,,,62.75833333333333,61.99166666666667,,23.913333333333334,92.96888888888888
2025-11-18 20:00:00+07:00,,,62.75833333333333,61.99166666666667,,23.8375,94.55624999999999
2025-11-18 21:00:00+07:00,,,62.75833333333333,61.99166666666667,,23.732444444444447,95.04
2025-11-18 22:00:00+07:00,,,62.75833333333333,61.99166666666667,,23.660888888888888,94.37911111111111
2025-11-18 23:00:00+07:00,,,62.75833333333333,61.99166666666667,,23.55911111111111,94.33022222222222
2025-11-19 00:00:00+07:00,,,62.75833333333333,61.99166666666667,,23.415044247787613,94.10486725663718
2025-11-19 01:00:00+07:00,,,62.75833333333333,61.99166666666667,,23.197777777777777,93.28133333333334
2025-11-19 02:00:00+07:00,,,62.75833333333333,61.99166666666667,,23.06888888888889,93.58266666666665
2025-11-19 03:00:00+07:00,,,62.75833333333333,61.99166666666667,,23.14070796460177,94.26548672566372
2025-11-19 04:00:00+07:00,,,62.75833333333333,61.99166666666667,,23.089333333333336,94.96622222222223
2025-11-19 05:00:00+07:00,,,62.75833333333333,61.99166666666667,,22.947555555555553,94.88
2025-11-19 06:00:00+07:00,,,62.75833333333333,61.99166666666667,,23.06283185840708,95.96681415929204
2025-11-19 07:00:00+07:00,,,62.75833333333333,61.99166666666667,,23.340888888888887,96.74755555555556
2025-11-19 08:00:00+07:00,,,62.75833333333333,61.99166666666667,,23.770403587443948,96.8457399103139
2025-11-19 09:00:00+07:00,,,62.75833333333333,61.99166666666667,,24.181333333333335,96.69466666666666
2025-11-19 10:00:00+07:00,,,62.75833333333333,61.99166666666667,,24.68577777777778,93.96222222222222
2025-11-19 11:00:00+07:00,,,62.75833333333333,61.99166666666667,,25.084444444444443,93.98622222222222
2025-11-19 12:00:00+07:00,,,62.75833333333333,61.99166666666667,,24.886697247706422,94.75321100917432
2025-11-19 13:00:00+07:00,,,62.75833333333333,61.99166666666667,,24.492727272727272,93.9109090909091
2025-11-19 14:00:00+07:00,,,62.75833333333333,61.99166666666667,,24.480357142857144,94.78169642857142
2025-11-19 15:00:00+07:00,,,62.75833333333333,61.99166666666667,,24.59461883408072,96.68565022421525
2025-11-19 16:00:00+07:00,,,62.75833333333333,61.99166666666667,,24.568303571428572,96.82232142857143
2025-11-19 17:00:00+07:00,,,62.75833333333333,61.99166666666667,,24.45733333333333,97.24711111111111
2025-11-19 18:00:00+07:00,,,62.75833333333333,61.99166666666667,,24.342477876106194,96.88893805309735
2025-11-19 19:00:00+07:00,,,62.75833333333333,61.99166666666667,,24.22622222222222,96.50666666666666
2025-11-19 20:00:00+07:00,,,62.75833333333333,61.99166666666667,,24.13377777777778,96.312
2025-11-19 21:00:00+07:00,,,62.75833333333333,61.99166666666667,,24.056696428571428,96.17857142857143
2025-11-19 22:00:00+07:00,,,62.75833333333333,61.99166666666667,,23.999115044247787,96.23274336283185
2025-11-19 23:00:00+07:00,,,62.75833333333333,61.99166666666667,,23.865333333333332,95.99644444444445
2025-11-20 00:00:00+07:00,,,62.75833333333333,61.99166666666667,,23.76,95.40133333333333
2025-11-20 01:00:00+07:00,,,62.75833333333333,61.99166666666667,,23.668141592920353,95.10619469026548
2025-11-20 02:00:00+07:00,,,62.75833333333333,61.99166666666667,,23.595555555555556,95.0008888888889
2025-11-20 03:00:00+07:00,,,62.75833333333333,61.99166666666667,,23.404,93.62355555555555
2025-11-20 04:00:00+07:00,,,62.75833333333333,61.99166666666667,,23.184444444444445,93.32711111111111
2025-11-20 05:00:00+07:00,,,62.75833333333333,61.99166666666667,,23.145132743362833,93.87522123893805
2025-11-20 06:00:00+07:00,,,62.75833333333333,61.99166666666667,,23.31111111111111,94.5871111111111
2025-11-20 07:00:00+07:00,,,62.75833333333333,61.99166666666667,,23.589333333333336,94.44666666666667
2025-11-20 08:00:00+07:00,,,62.75833333333333,61.99166666666667,,24.116666666666664,94.92882882882883
2025-11-20 09:00:00+07:00,,,62.75833333333333,61.99166666666667,,24.72,93.99422222222222
2025-11-20 10:00:00+07:00,,,62.75833333333333,61.99166666666667,,25.091441441441443,93.45450450450451
2025-11-20 11:00:00+07:00,,,62.75833333333333,61.99166666666667,,25.37822222222222,91.53644444444444
2025-11-20 12:00:00+07:00,,,62.75833333333333,61.99166666666667,,25.375,89.58392857142857
2025-11-20 13:00:00+07:00,,,62.75833333333333,61.99166666666667,,25.689777777777778,89.59955555555557
2025-11-20 14:00:00+07:00,,,62.75833333333333,61.99166666666667,,25.583111111111112,89.30444444444444
2025-11-20 15:00:00+07:00,,,62.75833333333333,61.99166666666667,,25.388,90.54
2025-11-20 16:00:00+07:00,,,62.75833333333333,61.99166666666667,,25.317777777777778,92.26044444444443
2025-11-20 17:00:00+07:00,,,62.75833333333333,61.99166666666667,,25.165333333333333,92.88933333333333
2025-11-20 18:00:00+07:00,,,62.75833333333333,61.99166666666667,,25.036444444444445,93.43022222222221
2025-11-20 19:00:00+07:00,,,62.75833333333333,61.99166666666667,,25.01377777777778,93.81333333333333
2025-11-20 20:00:00+07:00,,,62.75833333333333,61.99166666666667,,25.11232876712329,93.9675799086758
2025-11-20 21:00:00+07:00,,,62.75833333333333,61.99166666666667,,25.07713004484305,92.91928251121077
2025-11-20 22:00:00+07:00,,,62.75833333333333,61.99166666666667,,24.613333333333333,92.32400000000001
2025-11-20 23:00:00+07:00,,,62.75833333333333,61.99166666666667,,24.391111111111112,92.68400000000001
2025-11-21 00:00:00+07:00,,,62.75833333333333,61.99166666666667,,24.32,93.32711111111111
2025-11-21 01:00:00+07:00,,,62.75833333333333,61.99166666666667,,24.131415929203538,92.84690265486726
2025-11-21 02:00:00+07:00,,,62.75833333333333,61.99166666666667,,23.835555555555555,92.10400000000001
2025-11-21 03:00:00+07:00,,,62.75833333333333,61.99166666666667,,23.590222222222224,91.49333333333334
2025-11-21 04:00:00+07:00,,,62.75833333333333,61.99166666666667,,23.39822222222222,91.17333333333333
2025-11-21 05:00:00+07:00,,,62.75833333333333,61.99166666666667,,23.265919282511213,91.15695067264573
2025-11-21 06:00:00+07:00,,,62.75833333333333,61.99166666666667,,23.67354260089686,92.63094170403588
2025-11-21 07:00:00+07:00,,,62.75833333333333,61.99166666666667,,24.119111111111113,93.89200000000001
2025-11-21 08:00:00+07:00,,,62.75833333333333,61.99166666666667,,24.430666666666664,94.69111111111111
2025-11-21 09:00:00+07:00,,,62.75833333333333,61.99166666666667,,24.68622222222222,94.43111111111111
2025-11-21 10:00:00+07:00,,,62.75833333333333,61.99166666666667,,24.932444444444446,94.88
2025-11-21 11:00:00+07:00,,,62.75833333333333,61.99166666666667,,24.973423423423426,97.62837837837837
2025-11-21 12:00:00+07:00,,,62.75833333333333,61.99166666666667,,24.77087378640777,96.4126213592233
2025-11-24 16:00:00+07:00,27.641666666666666,27.95,62.75833333333333,61.99166666666667,48.0,,
2025-11-24 17:00:00+07:00,27.521428571428572,27.603571428571428,64.26785714285714,63.75000178571428,48.0,,
2025-11-24 18:00:00+07:00,27.16896551724138,27.151724137931033,65.10689655172413,64.9068975862069,47.6551724137931,,
2025-11-24 19:00:00+07:00,27.63214285714286,27.72142857142857,66.95357142857144,66.54643035714285,46.0,,
2025-11-24 20:00:00+07:00,27.7,27.8,70.56666666666666,70.33703925925926,46.0,,
2025-11-24 21:00:00+07:00,27.731034482758623,27.80344827586207,72.68275862068967,72.56896827586206,45.96551724137931,,
2025-11-24 22:00:00+07:00,27.7,27.8,74.312,74.2400012,45.2,,
2025-11-24 23:00:00+07:00,27.68148148148148,27.73333333333333,75.54074074074073,75.57407555555557,45.0,,
2025-11-25 00:00:00+07:00,27.6,27.682142857142857,76.13214285714285,76.25714321428572,44.5,,
2025-11-25 01:00:00+07:00,27.557142857142857,27.6,76.60357142857143,76.72500214285715,44.0,,
2025-11-25 02:00:00+07:00,27.5,27.59642857142857,77.15357142857144,77.31071535714285,43.17857142857143,,
2025-11-25 03:00:00+07:00,27.444827586206895,27.5,77.69655172413792,77.87241689655173,43.0,,
2025-11-25 04:00:00+07:00,27.36785714285714,27.41785714285714,78.21071428571429,78.37857321428571,42.92857142857143,,
2025-11-25 05:00:00+07:00,27.264285714285712,27.321428571428573,78.51071428571429,78.64286107142857,42.142857142857146,,
2025-11-25 06:00:00+07:00,27.24827586206897,27.33448275862069,78.63793103448276,78.70000241379311,42.03448275862069,,
2025-11-25 07:00:00+07:00,27.528000000000002,27.644000000000002,78.34,78.2040016,41.96,,
2025-11-25 08:00:00+07:00,28.0,28.14814814814815,77.42962962962963,77.11111296296296,41.25925925925926,,
2025-11-25 09:00:00+07:00,28.53103448275862,28.662068965517243,75.82413793103449,75.33103586206897,41.06896551724138,,
2025-11-25 10:00:00+07:00,28.26923076923077,28.21153846153846,64.01923076923077,63.34230923076923,41.03846153846154,,
2025-11-25 11:00:00+07:00,29.107692307692307,29.157692307692308,64.70769230769231,63.5923076923077,41.0,,
2025-11-25 12:00:00+07:00,27.92962962962963,28.296296296296298,57.93703703703704,55.600000370370374,41.0,,
2025-11-25 13:00:00+07:00,26.191304347826087,26.743478260869566,43.42173913043479,39.63913043478261,41.0,,
2025-11-25 14:00:00+07:00,28.517857142857142,28.446428571428573,51.03928571428571,48.86785714285714,41.0,,
2025-11-25 15:00:00+07:00,29.78148148148148,29.692592592592593,58.144444444444446,56.7037037037037,41.0,,
2025-11-25 16:00:00+07:00,29.766666666666666,29.7625,62.57083333333333,61.13333333333333,41.0,,
2025-11-25 17:00:00+07:00,29.581481481481482,29.57037037037037,65.09629629629629,63.90740814814814,41.0,,
2025-11-25 18:00:00+07:00,29.392,29.384,68.384,67.3720008,41.0,,
2025-11-25 19:00:00+07:00,29.212,29.188000000000002,70.508,69.7280028,41.0,,
2025-11-25 20:00:00+07:00,29.096153846153847,29.04615384615385,71.47307692307692,70.78461923076924,41.0,,
2025-11-25 21:00:00+07:00,28.996153846153845,28.957692307692305,72.26153846153846,71.6500026923077,41.0,,
2025-11-25 22:00:00+07:00,28.889285714285712,28.835714285714285,72.63214285714285,72.08929107142858,40.964285714285715,,
2025-11-25 23:00:00+07:00,28.78148148148148,28.71851851851852,73.00740740740741,72.45925962962963,40.96296296296296,,
2025-11-26 00:00:00+07:00,28.66923076923077,28.60769230769231,73.56538461538462,73.05769423076923,40.84615384615385,,
2025-11-26 01:00:00+07:00,28.55185185185185,28.477777777777778,73.86666666666667,73.38148444444444,40.74074074074074,,
2025-11-26 02:00:00+07:00,28.41785714285714,28.36428571428571,74.21428571428571,73.7535725,40.642857142857146,,
2025-11-26 03:00:00+07:00,28.310714285714287,28.25357142857143,74.38214285714285,73.93214392857143,40.607142857142854,,
2025-11-26 04:00:00+07:00,28.21481481481481,28.159259259259258,74.6037037037037,74.17037259259259,40.48148148148148,,
2025-11-26 05:00:00+07:00,28.09655172413793,28.06551724137931,74.75172413793103,74.28620689655173,40.310344827586206,,
2025-11-26 06:00:00+07:00,28.064285714285717,28.017857142857142,74.49285714285715,74.05357428571428,40.17857142857143,,
2025-11-26 07:00:00+07:00,28.307407407407407,28.244444444444444,74.3851851851852,74.02592777777778,40.0,,
2025-11-26 08:00:00+07:00,28.76,28.676,74.212,73.924002,40.0,,
2025-11-26 09:00:00+07:00,29.26086956521739,29.2,72.40869565217392,72.0043495652174,40.0,,
2025-11-26 10:00:00+07:00,29.52916666666667,29.483333333333334,71.6125,71.04583583333333,40.0,,
2025-11-26 11:00:00+07:00,29.76521739130435,29.730434782608693,71.15217391304348,70.44347956521739,40.0,,
2025-11-26 12:00:00+07:00,24.725925925925928,28.203703703703702,50.07037037037038,53.61851851851852,44.888888888888886,,
2025-11-26 13:00:00+07:00,26.925925925925927,27.081481481481482,46.93703703703704,43.8962962962963,44.96296296296296,,
2025-11-26 14:00:00+07:00,29.61111111111111,29.633333333333333,52.144444444444446,47.900000000000006,21.22222222222222,,
2025-11-26 15:00:00+07:00,28.080000000000002,28.639999999999997,67.41,59.02,13.7,,
2025-11-26 16:00:00+07:00,28.7,29.5,67.7,60.3,13.0,,
2025-11-26 18:00:00+07:00,30.266666666666666,33.2,79.33888888888889,62.24444444444445,18.555555555555557,,
2025-11-26 19:00:00+07:00,29.989473684210523,33.53157894736842,78.96315789473684,59.18947368421052,26.36842105263158,,
2025-11-26 20:00:00+07:00,29.895,33.82,79.625,58.315,34.2,,
2025-11-26 21:00:00+07:00,28.910526315789472,32.810526315789474,73.13684210526316,51.98421052631579,42.421052631578945,,
2025-11-26 22:00:00+07:00,28.26,31.880000000000003,72.8,52.345000000000006,50.5,,
2025-11-26 23:00:00+07:00,27.99,30.85,72.7,54.11,54.5,,
2025-11-27 06:00:00+07:00,28.55,30.183333333333334,84.11666666666666,67.73333666666666,51.833333333333336,,
2025-11-27 07:00:00+07:00,28.825,29.15625,82.88125,71.243750625,58.625,,
2025-11-27 08:00:00+07:00,29.592857142857145,29.67142857142857,81.12142857142858,70.28571642857143,53.57142857142857,,
2025-11-27 09:00:00+07:00,29.714285714285715,30.1,74.97142857142856,69.37143142857143,52.92857142857143,,
2025-11-27 10:00:00+07:00,26.92142857142857,27.3,78.82142857142857,68.35000214285715,52.142857142857146,28.097916666666666,77.81458333333333
2025-11-27 11:00:00+07:00,26.383333333333336,26.787499999999998,75.71249999999999,72.19166708333334,54.625,26.145454545454548,75.27424242424243
2025-11-27 12:00:00+07:00,27.0,25.108333333333334,74.175,66.99166833333334,54.666666666666664,26.236893203883497,76.2495145631068
2025-11-27 13:00:00+07:00,26.575,27.45,76.75,75.14167083333334,53.416666666666664,26.222916666666666,75.20625
2025-11-27 14:00:00+07:00,26.575000000000003,27.691666666666666,79.16666666666667,76.40833583333334,53.0,25.93970588235294,76.25882352941177
2025-11-27 15:00:00+07:00,26.766666666666666,27.96666666666667,79.3,76.6583375,53.0,25.930434782608696,76.0695652173913
2025-11-27 16:00:00+07:00,26.61818181818182,27.754545454545454,79.3,76.50909181818182,53.0,25.65555555555556,77.00185185185185
2025-11-27 17:00:00+07:00,26.366666666666664,27.34166666666667,79.26666666666667,76.41666666666667,53.0,25.4,79.14545454545454
2025-11-27 18:00:00+07:00,26.083333333333332,26.95,78.64999999999999,76.20833499999999,53.0,25.146666666666665,80.92166666666667
2025-11-27 19:00:00+07:00,25.825,26.59166666666667,77.94166666666666,76.01666999999999,53.0,24.911881188118812,81.13267326732672
2025-11-27 20:00:00+07:00,25.541666666666668,26.233333333333334,77.26666666666667,75.758335,53.0,24.520689655172415,80.1698275862069
2025-11-27 21:00:00+07:00,25.233333333333334,25.849999999999998,76.64999999999999,75.46666916666668,53.0,24.185344827586206,80.36551724137931
2025-11-27 22:00:00+07:00,24.981818181818184,25.5,76.16363636363636,75.21818363636363,53.0,23.971153846153847,80.58557692307691
2025-11-27 23:00:00+07:00,24.75,25.175,75.74166666666666,74.93333416666667,53.0,23.688990825688073,80.2073394495413
2025-11-28 00:00:00+07:00,24.5,24.866666666666664,75.325,74.66667,53.0,23.401724137931033,79.26120689655171
2025-11-28 01:00:00+07:00,24.2,24.53333333333333,74.875,74.38333333333334,53.0,23.14,77.6991304347826
2025-11-28 02:00:00+07:00,23.925,24.175,74.52499999999999,74.07500083333333,53.0,22.930172413793105,77.56551724137931
2025-11-28 03:00:00+07:00,23.708333333333332,23.875,74.175,73.84166666666667,53.0,22.733333333333334,77.34649122807018
2025-11-28 04:00:00+07:00,23.49090909090909,23.59090909090909,73.86363636363636,73.68182,53.0,22.553571428571427,77.69732142857143
2025-11-28 05:00:00+07:00,23.325,23.40833333333333,73.575,73.58334166666667,53.0,22.46782608695652,78.3913043478261
2025-11-28 06:00:00+07:00,23.266666666666666,23.3,73.46666666666667,73.60001,53.0,22.769827586206898,78.9948275862069
2025-11-28 07:00:00+07:00,23.458333333333332,23.525000000000002,73.58333333333333,73.76666833333333,53.0,23.373737373737374,78.81717171717172
2025-11-28 08:00:00+07:00,23.866666666666664,24.05,74.02499999999999,74.183335,53.0,23.88666666666667,79.51555555555555
2025-11-28 09:00:00+07:00,24.46666666666667,24.791666666666668,74.95,74.75000166666666,53.0,24.45925925925926,79.28888888888889
2025-11-28 10:00:00+07:00,25.133333333333336,25.708333333333332,76.08333333333333,75.32500166666667,53.0,25.003960396039606,77.51782178217822
2025-11-28 11:00:00+07:00,25.627272727272725,26.40909090909091,76.86363636363636,75.5545509090909,53.0,25.2,76.61571428571429
2025-11-28 12:00:00+07:00,25.883333333333336,26.741666666666664,77.1,75.5,53.0,25.306451612903224,77.02741935483871
2025-11-28 13:00:00+07:00,26.05,26.941666666666666,77.10833333333333,75.49166666666666,52.583333333333336,25.468421052631577,76.02105263157895
2025-11-28 14:00:00+07:00,26.233333333333334,27.15833333333333,77.20833333333333,75.48333333333333,52.916666666666664,25.596153846153847,74.00769230769231
2025-11-28 15:00:00+07:00,26.208333333333332,27.175,77.0,75.3,52.5,25.476923076923075,73.51153846153846
2025-11-28 16:00:00+07:00,26.1,27.045454545454547,76.5909090909091,75.10000636363635,52.09090909090909,25.3984375,73.415625
2025-11-28 17:00:00+07:00,25.983333333333334,26.849999999999998,76.10000000000001,74.9,52.083333333333336,25.16896551724138,74.10603448275862
2025-11-28 18:00:00+07:00,25.708333333333332,26.525000000000002,75.375,74.60833666666666,52.25,24.78448275862069,76.58189655172414
2025-11-28 19:00:00+07:00,25.425,26.108333333333334,74.65833333333333,74.325,52.333333333333336,24.386206896551723,77.68706896551724
2025-11-28 20:00:00+07:00,25.099999999999998,25.71666666666667,74.05,74.0250025,52.083333333333336,23.964655172413792,77.58965517241379
2025-11-28 21:00:00+07:00,24.8,25.325,73.53333333333333,73.71666916666668,52.0,23.735897435897435,78.19059829059829
2025-11-28 22:00:00+07:00,24.572727272727274,24.99090909090909,73.08181818181818,73.44545454545454,52.0,23.55344827586207,78.50258620689655
2025-11-28 23:00:00+07:00,24.366666666666664,24.691666666666666,72.73333333333333,73.20000333333333,52.0,23.37456140350877,78.77719298245614
2025-11-29 00:00:00+07:00,24.166666666666668,24.425,72.43333333333334,72.99166916666667,52.0,23.196521739130436,78.96173913043478
2025-11-29 01:00:00+07:00,23.981818181818184,24.181818181818183,72.21818181818182,72.77272727272727,52.0,22.97241379310345,78.67758620689655
2025-11-29 02:00:00+07:00,23.775000000000002,23.925,71.99166666666666,72.600005,52.0,22.692173913043476,78.18086956521738
2025-11-29 03:00:00+07:00,23.525000000000002,23.650000000000002,71.70833333333333,72.39166666666667,52.0,22.48793103448276,77.61896551724138
2025-11-29 04:00:00+07:00,23.30909090909091,23.363636363636363,71.49090909090908,72.2,52.0,22.273275862068964,77.48275862068965
2025-11-29 05:00:00+07:00,23.116666666666664,23.150000000000002,71.27499999999999,72.10000666666666,52.0,22.162393162393162,77.36153846153846
2025-11-29 06:00:00+07:00,22.983333333333334,22.95,71.14999999999999,72.00833416666667,52.0,22.356896551724137,78.6801724137931
2025-11-29 07:00:00+07:00,23.09166666666667,23.066666666666666,71.125,72.19167,52.0,22.862068965517242,77.42672413793103
2025-11-29 08:00:00+07:00,23.34166666666667,23.400000000000002,71.36666666666666,72.42500083333333,52.0,23.28965517241379,76.24913793103448
2025-11-29 09:00:00+07:00,24.458333333333332,24.383333333333336,68.88333333333334,71.25833416666667,51.916666666666664,23.884347826086955,73.75826086956522
2025-11-29 10:00:00+07:00,26.03333333333333,26.025000000000002,63.30833333333334,67.16667,51.833333333333336,24.600862068965515,72.12241379310345
2025-11-29 11:00:00+07:00,27.136363636363637,27.49090909090909,61.26363636363636,65.18181909090909,51.81818181818182,25.242241379310343,72.25344827586207
2025-11-29 12:00:00+07:00,27.425,28.05,61.4,64.62500250000001,51.833333333333336,25.537606837606837,72.11025641025641
2025-11-29 13:00:00+07:00,27.583333333333332,28.141666666666666,62.175000000000004,65.008335,51.166666666666664,25.640869565217393,73.36869565217391
2025-11-29 14:00:00+07:00,27.791666666666668,28.341666666666665,61.26666666666667,64.30000166666666,51.5,25.791964285714283,72.79375
2025-11-29 15:00:00+07:00,27.833333333333332,28.28333333333333,60.666666666666664,64.5750025,51.416666666666664,25.88974358974359,72.47606837606838
2025-11-29 16:00:00+07:00,27.463636363636365,27.89090909090909,62.32727272727273,65.60000181818181,51.18181818181818,25.776724137931033,73.13189655172413
2025-11-29 17:00:00+07:00,26.933333333333334,27.625,65.25,67.29166833333333,51.0,25.5051724137931,74.98965517241379
2025-11-29 18:00:00+07:00,26.425,27.15833333333333,65.80833333333334,67.82500083333333,51.0,24.95086206896552,76.2646551724138
2025-11-29 19:00:00+07:00,26.041666666666668,26.758333333333336,65.925,68.11667333333334,51.0,24.59396551724138,76.23189655172413
2025-11-29 20:00:00+07:00,25.55454545454546,26.254545454545454,65.71818181818182,68.35454636363637,51.0,24.035042735042733,76.43846153846154
2025-11-29 21:00:00+07:00,25.141666666666666,25.775000000000002,65.52499999999999,68.69167,51.0,23.74655172413793,76.64396551724138
2025-11-29 22:00:00+07:00,24.775000000000002,25.34166666666667,65.28333333333333,68.925,51.0,23.5051724137931,76.825
2025-11-29 23:00:00+07:00,24.5,25.0,65.125,69.04167083333333,51.0,23.285344827586208,77.11206896551724
2025-11-30 00:00:00+07:00,24.240000000000002,24.669999999999998,64.95,69.050005,51.0,23.044144144144145,76.98468468468468
2025-11-30 01:00:00+07:00,24.02,24.380000000000003,64.97,68.95,51.0,22.84818181818182,77.14363636363636
2025-11-30 02:00:00+07:00,23.78333333333333,24.09166666666667,64.9,68.758335,51.0,22.674336283185838,77.04867256637168
2025-11-30 03:00:00+07:00,23.572727272727274,23.79090909090909,64.84545454545454,68.39091,51.0,22.42654867256637,76.96017699115045
2025-11-30 04:00:00+07:00,23.372727272727275,23.55454545454546,64.8,68.10000272727274,51.0,22.250862068965517,77.3198275862069
2025-11-30 05:00:00+07:00,23.169999999999998,23.32,64.72,67.8,51.0,22.108928571428574,77.39196428571428
2025-11-30 06:00:00+07:00,23.100000000000005,23.175,64.73333333333333,67.6083425,51.0,22.416216216216213,78.58648648648649
2025-11-30 07:00:00+07:00,23.258333333333336,23.3,64.95833333333333,67.7750025,51.0,23.065486725663717,78.73185840707966
2025-11-30 08:00:00+07:00,23.60909090909091,23.69090909090909,65.34545454545454,68.1909109090909,51.0,23.50689655172414,79.8594827586207
2025-11-30 09:00:00+07:00,24.016666666666666,24.21666666666667,65.81666666666666,68.5333375,51.0,23.896491228070175,80.32543859649122
2025-11-30 10:00:00+07:00,24.536363636363635,24.872727272727275,66.08181818181818,68.7,50.72727272727273,24.340186915887852,80.29345794392523
2025-11-30 11:00:00+07:00,25.02,25.509999999999998,66.55,68.69000100000001,50.1,24.510576923076922,79.6625
2025-11-30 12:00:00+07:00,25.1,25.7,66.8875,68.60001,50.5,24.439622641509434,80.67830188679245
2025-11-30 13:00:00+07:00,25.075000000000003,25.587500000000002,66.9375,68.650005,50.25,24.340625,82.61770833333334
2025-11-30 14:00:00+07:00,25.027272727272727,25.527272727272727,66.9,68.7,50.0,24.36504854368932,80.1611650485437
2025-11-30 15:00:00+07:00,25.163636363636364,25.718181818181815,67.08181818181818,68.73636363636363,50.09090909090909,24.554285714285715,77.11047619047619
2025-11-30 16:00:00+07:00,25.375,25.95,67.30833333333334,68.79166666666667,50.0,24.728070175438596,76.80614035087719
2025-11-30 17:00:00+07:00,25.560000000000002,26.15,67.61999999999999,68.8,50.0,24.8,78.83706896551725
2025-11-30 18:00:00+07:00,25.566666666666666,26.125,67.58333333333333,68.78333333333333,50.0,24.598275862068967,80.61379310344829
2025-11-30 19:00:00+07:00,25.325,25.891666666666666,67.28333333333333,68.683335,49.833333333333336,24.31964285714286,80.89196428571428
2025-11-30 20:00:00+07:00,25.11818181818182,25.636363636363637,67.06363636363636,68.65455,49.81818181818182,24.157758620689656,80.6198275862069
2025-11-30 21:00:00+07:00,24.936363636363637,25.40909090909091,66.82727272727273,68.67273,49.45454545454545,23.982456140350877,80.47543859649123
2025-11-30 22:00:00+07:00,24.718181818181815,25.172727272727272,66.5909090909091,68.7,49.0,23.75,80.21810344827585
2025-11-30 23:00:00+07:00,24.525000000000002,24.933333333333334,66.33333333333333,68.70833333333333,49.0,23.504310344827587,79.5396551724138
2025-12-01 00:00:00+07:00,24.316666666666666,24.675,66.22500000000001,68.71666666666667,49.0,23.349137931034484,79.66379310344827
2025-12-01 01:00:00+07:00,24.2,24.527272727272727,66.10909090909091,68.70909090909092,49.0,23.355652173913043,81.14434782608696
2025-12-01 02:00:00+07:00,24.15833333333333,24.424999999999997,66.06666666666666,68.7,49.0,23.301724137931036,81.56293103448276
2025-12-01 03:00:00+07:00,24.03333333333333,24.28333333333333,65.95833333333333,68.63333999999999,49.0,23.12735042735043,80.65641025641025
2025-12-01 04:00:00+07:00,23.833333333333332,24.075,65.81666666666666,68.45833333333333,48.916666666666664,22.96206896551724,79.25344827586207
2025-12-01 05:00:00+07:00,23.645454545454548,23.863636363636363,65.7090909090909,68.26363636363637,48.81818181818182,22.694827586206895,79.22155172413794
2025-12-01 06:00:00+07:00,23.61666666666667,23.791666666666668,65.72500000000001,68.2,48.416666666666664,23.066379310344825,80.75689655172413
2025-12-01 07:00:00+07:00,23.75,23.891666666666666,65.8,68.23333333333333,48.166666666666664,23.353448275862068,81.73362068965517
2025-12-01 08:00:00+07:00,23.974999999999998,24.141666666666666,66.04166666666667,68.36666666666667,48.0,23.66283185840708,83.2150442477876
2025-12-01 09:00:00+07:00,24.27,24.5,66.25,68.540004,48.0,23.94516129032258,83.44623655913979
2025-12-01 10:00:00+07:00,25.09166666666667,25.366666666666664,67.50833333333334,69.39166916666666,48.0,24.59561403508772,81.74649122807018
2025-12-01 11:00:00+07:00,26.889999999999997,27.330000000000002,66.22,68.06,48.0,25.25643564356436,77.70792079207921
2025-12-01 12:00:00+07:00,27.233333333333334,27.866666666666664,64.175,66.20833499999999,48.0,25.411504424778762,76.770796460177
2025-12-01 13:00:00+07:00,27.181818181818183,27.8,64.86363636363636,66.51818272727273,48.0,25.422115384615385,77.48076923076923
2025-12-01 14:00:00+07:00,27.441666666666666,28.133333333333336,64.55,66.30000166666666,48.0,25.674757281553397,76.74077669902913
2025-12-01 15:00:00+07:00,27.463636363636365,28.2,64.88181818181819,66.22727545454546,48.0,25.7212962962963,77.0101851851852
2025-12-01 16:00:00+07:00,27.318181818181817,27.99090909090909,65.41818181818182,66.80909272727273,47.63636363636363,25.652631578947368,78.75526315789475
2025-12-01 17:00:00+07:00,26.825,27.375,65.64999999999999,67.15833583333334,47.166666666666664,25.394827586206898,78.23275862068965
2025-12-01 18:00:00+07:00,26.15833333333333,26.825,67.01666666666667,67.925,47.0,24.786956521739132,79.31130434782608
2025-12-01 19:00:00+07:00,25.683333333333334,26.316666666666666,66.875,68.0,47.0,24.394827586206898,80.13448275862069
2025-12-01 20:00:00+07:00,25.349999999999998,25.90833333333333,66.60833333333333,68.04167083333333,47.0,24.174358974358974,80.34957264957265
2025-12-01 21:00:00+07:00,25.05,25.55,66.35833333333333,68.10001,46.583333333333336,23.860344827586207,79.69655172413792
2025-12-01 22:00:00+07:00,24.8,25.20909090909091,66.14545454545454,68.11819,46.0,23.595283018867924,79.64245283018869
2025-12-01 23:00:00+07:00,24.527272727272727,24.88181818181818,65.95454545454545,68.15455,46.0,23.31769911504425,79.15309734513274
2025-12-02 00:00:00+07:00,24.291666666666668,24.566666666666666,65.83333333333333,68.08334,46.0,23.110344827586207,78.51810344827587
2025-12-02 01:00:00+07:00,24.008333333333336,24.258333333333336,65.68333333333334,68.00000083333333,46.0,22.726724137931036,77.59137931034483
2025-12-02 02:00:00+07:00,23.733333333333334,23.916666666666668,65.51666666666667,67.875,46.0,22.529310344827586,77.03620689655173
2025-12-02 03:00:00+07:00,23.545454545454547,23.654545454545453,65.46363636363637,67.71818272727273,45.45454545454545,22.497169811320752,78.01037735849057
2025-12-02 04:00:00+07:00,23.369999999999997,23.41,65.31,67.470001,45.1,22.311702127659576,77.7127659574468
2025-12-02 05:00:00+07:00,23.245454545454546,23.245454545454546,65.20909090909092,67.38181818181819,45.0,22.17758620689655,78.16379310344827
2025-12-02 06:00:00+07:00,23.208333333333332,23.133333333333336,65.25,67.33333333333333,45.0,22.58,78.26782608695652
2025-12-02 07:00:00+07:00,23.383333333333336,23.375,65.48333333333333,67.60000166666667,44.916666666666664,23.211206896551722,76.66293103448275
2025-12-02 08:00:00+07:00,23.818181818181817,23.89090909090909,66.24545454545455,68.26363818181818,44.54545454545455,23.64587155963303,77.7165137614679
2025-12-02 09:00:00+07:00,25.21666666666667,25.041666666666668,67.90833333333333,70.35000083333334,44.0,24.214545454545455,80.18454545454544
2025-12-02 10:00:00+07:00,26.308333333333334,26.150000000000002,65.875,70.125,45.583333333333336,24.830701754385963,77.70964912280701
2025-12-02 11:00:00+07:00,27.154545454545453,27.127272727272725,61.309090909090905,67.75454818181818,45.18181818181818,25.417307692307695,72.62596153846154
2025-12-02 12:00:00+07:00,27.758333333333336,27.925,58.925000000000004,65.81666833333334,45.0,25.846428571428568,70.70446428571428
2025-12-02 13:00:00+07:00,28.369999999999997,28.8,60.35,65.130002,45.0,26.210526315789473,73.40947368421052
2025-12-02 14:00:00+07:00,28.566666666666666,29.166666666666668,59.9,64.7416675,44.25,26.35596330275229,73.96238532110091
2025-12-02 15:00:00+07:00,28.066666666666666,28.849999999999998,60.74166666666667,64.37500166666666,44.083333333333336,26.141739130434786,75.54782608695652
2025-12-02 16:00:00+07:00,27.139999999999997,28.18,64.17,65.730001,44.0,25.50357142857143,76.49821428571428
2025-12-02 17:00:00+07:00,26.616666666666664,26.96666666666667,64.75833333333334,67.56666750000001,44.416666666666664,25.146551724137932,77.97586206896553
2025-12-02 18:00:00+07:00,25.925,25.8,66.05,70.09166833333333,45.166666666666664,24.64782608695652,78.74173913043478
2025-12-02 19:00:00+07:00,25.675,25.708333333333332,67.64999999999999,71.17500333333334,45.166666666666664,24.589565217391307,79.99304347826087
2025-12-02 20:00:00+07:00,25.349999999999998,25.633333333333336,66.63333333333334,68.92500166666666,45.083333333333336,24.193103448275863,79.55603448275862
2025-12-02 21:00:00+07:00,25.150000000000002,25.45,66.19166666666666,68.14166999999999,45.0,23.99310344827586,79.41379310344827
2025-12-02 22:00:00+07:00,25.05,25.31,66.01,67.9,45.0,23.96481481481481,79.175
2025-12-02 23:00:00+07:00,24.875,25.141666666666666,65.76666666666667,67.71666666666667,45.0,23.76875,79.37410714285714
2025-12-03 00:00:00+07:00,24.650000000000002,24.90833333333333,65.39166666666667,67.51667,44.916666666666664,23.552212389380532,79.41769911504426
2025-12-03 01:00:00+07:00,24.416666666666668,24.641666666666666,65.27499999999999,67.35833333333333,44.833333333333336,23.383760683760684,79.52307692307693
2025-12-03 02:00:00+07:00,24.208333333333332,24.400000000000002,65.125,67.22500166666667,44.416666666666664,23.16465517241379,79.13189655172413
2025-12-03 03:00:00+07:00,24.03333333333333,24.166666666666668,64.99166666666666,67.1416725,44.25,22.94655172413793,79.42586206896551
2025-12-03 04:00:00+07:00,23.836363636363636,23.954545454545453,64.87272727272727,67.08182636363637,44.0,22.870085470085467,79.28461538461538
2025-12-03 05:00:00+07:00,23.71666666666667,23.791666666666668,64.8,66.98333416666667,44.0,22.776315789473685,79.57105263157895
2025-12-03 06:00:00+07:00,23.625,23.7,64.70833333333333,66.98333333333333,44.0,22.850862068965515,81.37327586206897
2025-12-03 07:00:00+07:00,23.733333333333334,23.758333333333336,64.74166666666666,67.10833916666667,44.0,23.196551724137933,82.64913793103447
2025-12-03 08:00:00+07:00,23.858333333333334,23.933333333333334,64.825,67.26666666666667,44.0,23.429565217391303,82.4895652173913
2025-12-03 09:00:00+07:00,24.05,24.208333333333332,65.075,67.4,44.0,23.7,82.17821782178218
2025-12-03 10:00:00+07:00,24.3,24.536363636363635,65.55454545454546,67.56364272727272,43.63636363636363,23.95603448275862,82.65689655172415
2025-12-03 11:00:00+07:00,19.586666666666666,19.846666666666668,52.806666666666665,54.133336,43.53333333333333,24.150000000000002,83.72142857142856
2025-12-03 12:00:00+07:00,24.827272727272728,25.218181818181815,66.39090909090909,67.78181818181818,43.0,24.29298245614035,85.58508771929826
2025-12-03 13:00:00+07:00,24.96666666666667,25.38333333333333,66.5,67.83333333333333,43.0,24.399047619047614,86.61142857142858
2025-12-03 14:00:00+07:00,25.03,25.5,66.72999999999999,67.9,43.0,24.40238095238095,86.86190476190475
2025-12-03 15:00:00+07:00,25.281818181818185,25.736363636363638,68.16363636363636,68.06364272727272,43.0,24.569148936170212,85.72553191489361
2025-12-03 16:00:00+07:00,25.810000000000002,26.130000000000003,68.13,68.710004,43.0,24.676699029126212,82.63592233009709
2025-12-03 17:00:00+07:00,25.974999999999998,26.21666666666667,68.61666666666666,69.54166833333333,43.0,24.66194690265487,82.59557522123893
2025-12-03 18:00:00+07:00,25.525000000000002,25.983333333333334,68.40833333333333,69.15000333333333,43.0,24.37672413793103,82.93362068965517
2025-12-03 19:00:00+07:00,25.150000000000002,25.650000000000002,67.78333333333333,69.00833416666667,43.0,24.151886792452828,82.54056603773584
2025-12-03 20:00:00+07:00,24.891666666666666,25.349999999999998,67.35833333333333,68.9,42.833333333333336,23.902912621359224,82.4233009708738
2025-12-03 21:00:00+07:00,24.650000000000002,25.083333333333332,67.03333333333333,68.75,42.25,23.664912280701756,81.21052631578948
2025-12-03 22:00:00+07:00,24.463636363636365,24.836363636363636,66.83636363636364,68.62728,42.0,23.615044247787612,81.33982300884955
2025-12-03 23:00:00+07:00,24.316666666666666,24.625,66.72500000000001,68.51666833333333,42.0,23.376635514018695,80.99252336448599
2025-12-04 00:00:00+07:00,24.133333333333336,24.40833333333333,66.59166666666665,68.4,42.0,23.28482142857143,81.10000000000001
2025-12-04 01:00:00+07:00,23.991666666666664,24.224999999999998,66.45,68.31666666666666,42.0,23.136363636363637,81.16727272727272
2025-12-04 02:00:00+07:00,23.899999999999995,24.058333333333334,66.34166666666667,68.3,41.25,23.1,81.51944444444445
2025-12-04 03:00:00+07:00,23.8,24.0,66.29090909090908,68.26363636363637,41.0,23.04655172413793,82.12327586206897
2025-12-04 04:00:00+07:00,23.724999999999998,23.875,66.18333333333334,68.2,41.0,22.907758620689652,81.4853448275862
2025-12-04 05:00:00+07:00,23.608333333333334,23.733333333333334,66.1,68.1083425,41.0,22.77079646017699,81.73539823008849
2025-12-04 06:00:00+07:00,23.55,23.608333333333334,66.06666666666666,68.1250075,41.0,22.979999999999997,82.25304347826088
2025-12-04 07:00:00+07:00,23.691666666666666,23.8,66.14999999999999,68.23333333333333,41.0,23.45130434782609,83.33478260869565
2025-12-04 08:00:00+07:00,24.025000000000002,24.233333333333334,66.59166666666667,68.40833333333335,41.0,23.856880733944955,83.75412844036698
2025-12-04 09:00:00+07:00,24.644444444444442,24.866666666666667,68.71111111111111,69.8666711111111,40.22222222222222,24.162666666666667,84.616
2025-12-04 10:00:00+07:00,25.833333333333332,25.733333333333334,70.14999999999999,72.46666833333333,40.0,24.423148148148147,84.24351851851851
2025-12-04 11:00:00+07:00,25.119999999999997,25.36,67.77000000000001,69.66000199999999,40.0,23.954651162790697,80.54767441860466
2025-12-04 12:00:00+07:00,24.718181818181815,24.981818181818184,69.05454545454546,70.49091,40.0,23.73425925925926,81.19259259259259
2025-12-04 13:00:00+07:00,24.536363636363635,24.663636363636364,69.68181818181819,71.90000090909092,40.0,23.475949367088607,82.52278481012658
2025-12-04 14:00:00+07:00,24.600000000000005,24.633333333333336,70.1,72.83333666666667,40.0,23.53846153846154,82.95576923076922
2025-12-04 15:00:00+07:00,24.508333333333336,24.65833333333333,69.95,72.70000166666667,39.916666666666664,23.457303370786516,82.15505617977529
2025-12-04 16:00:00+07:00,24.145454545454548,24.40909090909091,69.5,72.44545727272727,40.09090909090909,23.16190476190476,82.54285714285714
2025-12-04 17:00:00+07:00,23.90833333333333,24.141666666666666,69.11666666666666,72.09166916666668,40.666666666666664,23.027710843373494,81.92168674698796
2025-12-04 18:00:00+07:00,23.666666666666668,23.816666666666666,68.84166666666667,71.75,40.583333333333336,22.81315789473684,81.40350877192982
2025-12-04 19:00:00+07:00,23.485714285714288,23.571428571428573,68.61428571428571,71.67143142857142,40.142857142857146,22.70857142857143,80.23
2025-12-04 20:00:00+07:00,23.3,23.34166666666667,68.46666666666667,72.23333666666666,40.0,22.575892857142858,80.45535714285714
2025-12-04 21:00:00+07:00,23.25,23.291666666666668,68.30833333333334,71.87500333333334,40.0,22.203921568627454,80.04607843137255
2025-12-04 22:00:00+07:00,23.045454545454547,23.054545454545455,68.04545454545455,71.43636363636364,40.0,22.00183486238532,79.8211009174312
2025-12-04 23:00:00+07:00,22.858333333333334,22.84166666666667,67.9,71.18333750000001,40.0,21.975675675675678,80.25135135135135
2025-12-05 00:00:00+07:00,22.758333333333336,22.683333333333334,67.78333333333333,71.04167083333333,40.0,21.900000000000002,80.97387387387387
2025-12-05 01:00:00+07:00,22.641666666666666,22.558333333333334,67.64999999999999,70.93333333333334,40.0,21.740000000000002,80.54818181818182
2025-12-05 02:00:00+07:00,22.491666666666664,22.375,67.51666666666667,70.825,40.0,21.494642857142857,80.06160714285714
2025-12-05 03:00:00+07:00,22.34166666666667,22.183333333333334,67.35833333333333,70.72500000000001,39.916666666666664,21.349107142857143,79.73392857142858
2025-12-05 04:00:00+07:00,22.172727272727272,22.027272727272727,67.23636363636363,70.63637,39.54545454545455,21.243859649122808,79.21578947368421
2025-12-05 05:00:00+07:00,22.03333333333333,21.833333333333332,67.14166666666667,70.54167083333333,39.25,21.186725663716814,79.45221238938053
2025-12-05 06:00:00+07:00,22.025000000000002,21.833333333333332,67.11666666666666,70.62500166666666,39.083333333333336,21.648695652173913,80.48695652173913
2025-12-05 07:00:00+07:00,22.325,22.208333333333332,67.29166666666667,70.79166666666667,39.0,22.294871794871796,82.9136752136752
2025-12-05 08:00:00+07:00,22.766666666666666,22.8,67.65833333333333,70.9,39.0,22.735454545454548,84.50909090909092
2025-12-05 09:00:00+07:00,23.224999999999998,23.400000000000002,68.20833333333333,70.90833333333335,39.0,23.12,84.53263157894737
2025-12-05 10:00:00+07:00,23.663636363636364,23.954545454545453,68.98181818181818,70.89090909090909,38.90909090909091,23.41261261261261,83.17117117117117
2025-12-05 11:00:00+07:00,23.941666666666666,24.34166666666667,69.60000000000001,70.79166666666667,38.916666666666664,23.569026548672568,82.97787610619469
2025-12-05 12:00:00+07:00,24.04,24.45,69.6,70.72,38.3,23.37247706422018,83.46697247706422
2025-12-05 13:00:00+07:00,23.854545454545452,24.263636363636362,69.17272727272727,70.77272727272727,38.0,23.20353982300885,84.88761061946902
2025-12-05 14:00:00+07:00,23.833333333333332,24.2,69.0,70.8,38.166666666666664,23.319827586206895,86.6396551724138
2025-12-05 15:00:00+07:00,23.9,24.25,68.99,70.8,38.0,23.395412844036695,87.92018348623853
2025-12-05 16:00:00+07:00,23.933333333333334,24.3,69.0,70.8,38.0,23.35625,87.82232142857143
2025-12-05 17:00:00+07:00,23.90833333333333,24.258333333333336,68.825,70.8,38.0,23.125,85.5146551724138
2025-12-05 18:00:00+07:00,23.7,24.05,68.60833333333333,70.8,38.0,22.82222222222222,84.4025641025641
2025-12-05 19:00:00+07:00,23.508333333333336,23.8,68.36666666666666,70.74166666666666,38.0,22.65603448275862,83.58275862068966
2025-12-05 20:00:00+07:00,23.354545454545452,23.6,68.16363636363636,70.7,38.0,22.510434782608694,83.1008695652174
2025-12-05 21:00:00+07:00,23.224999999999998,23.40833333333333,68.03333333333333,70.7,38.0,22.425641025641024,82.38034188034187
2025-12-05 22:00:00+07:00,23.108333333333334,23.25,67.95,70.69166750000001,38.0,22.345689655172414,82.20862068965518
2025-12-05 23:00:00+07:00,23.0,23.125,67.85833333333333,70.6250075,38.0,22.290517241379312,81.53793103448275
2025-12-06 00:00:00+07:00,22.916666666666668,23.0,67.76666666666667,70.6083425,38.0,22.28803418803419,79.43760683760685
2025-12-06 01:00:00+07:00,22.818181818181817,22.9,67.7,70.54545909090909,38.0,22.182758620689654,79.6801724137931
2025-12-06 02:00:00+07:00,22.75,22.775000000000002,67.60833333333333,70.49166666666666,37.75,22.03965517241379,78.96293103448276
2025-12-06 03:00:00+07:00,22.575000000000003,22.633333333333336,67.55833333333332,70.4,37.5,21.875862068965517,78.42068965517241
2025-12-06 04:00:00+07:00,22.40833333333333,22.40833333333333,67.45,70.30833333333334,37.333333333333336,21.568376068376068,78.54700854700855
2025-12-06 05:00:00+07:00,22.233333333333334,22.183333333333334,67.34166666666667,70.25833333333334,37.166666666666664,21.44396551724138,79.09224137931035
2025-12-06 06:00:00+07:00,22.15833333333333,22.108333333333334,67.30833333333332,70.33333333333333,37.083333333333336,21.75948275862069,80.83879310344827
2025-12-06 07:00:00+07:00,22.39090909090909,22.354545454545455,67.4090909090909,70.4,37.0,22.25042735042735,81.67948717948718
2025-12-06 08:00:00+07:00,22.733333333333334,22.775000000000002,67.66666666666667,70.57500416666666,37.0,22.707758620689653,81.89137931034483
2025-12-06 09:00:00+07:00,23.208333333333332,23.40833333333333,68.29166666666667,70.7,37.0,23.103448275862068,80.90258620689656
2025-12-06 10:00:00+07:00,23.608333333333334,23.958333333333332,69.20833333333333,70.6750025,37.0,23.41478260869565,79.67739130434782
2025-12-06 11:00:00+07:00,24.016666666666666,24.5,70.09166666666667,70.58334166666667,37.0,23.682692307692307,78.35096153846153
2025-12-06 12:00:00+07:00,24.236363636363638,24.772727272727273,70.47272727272728,70.5,37.0,23.70862068965517,80.675
2025-12-06 13:00:00+07:00,24.266666666666666,24.8,70.26666666666667,70.49166666666666,36.833333333333336,23.641228070175437,85.3921052631579
2025-12-06 14:00:00+07:00,24.175,24.666666666666668,69.89166666666667,70.5,36.416666666666664,23.41810344827586,85.48362068965517
2025-12-06 15:00:00+07:00,24.03333333333333,24.483333333333334,69.49166666666666,70.55833916666667,36.583333333333336,23.242241379310343,84.90258620689656
2025-12-06 16:00:00+07:00,23.866666666666664,24.275000000000002,69.15833333333333,70.60001,36.166666666666664,23.108620689655176,85.56896551724138
2025-12-06 17:00:00+07:00,23.78333333333333,24.150000000000002,68.93333333333334,70.616675,36.0,23.03189655172414,86.08275862068966
2025-12-06 18:00:00+07:00,23.7,24.045454545454547,68.78181818181818,70.69091,36.0,22.923076923076923,85.77350427350427
2025-12-06 19:00:00+07:00,23.566666666666666,23.891666666666666,68.6,70.69166750000001,36.0,22.742241379310343,83.53189655172415
2025-12-06 20:00:00+07:00,23.424999999999997,23.71666666666667,68.4,70.69166750000001,36.0,22.625,83.72500000000001
2025-12-06 21:00:00+07:00,23.28333333333333,23.541666666666668,68.25,70.60001,36.0,22.478448275862068,83.67327586206896
2025-12-06 22:00:00+07:00,23.2,23.375,68.16666666666667,70.60001,36.0,22.42155172413793,83.98793103448276
2025-12-06 23:00:00+07:00,23.066666666666666,23.21666666666667,68.075,70.51666833333333,36.0,22.238793103448273,83.09396551724137
2025-12-07 00:00:00+07:00,22.918181818181818,23.018181818181816,67.94545454545455,70.46363636363637,36.0,21.98793103448276,82.85172413793103
2025-12-07 01:00:00+07:00,22.758333333333336,22.825,67.85000000000001,70.38333333333334,35.916666666666664,21.83805309734513,81.92743362831858
2025-12-07 02:00:00+07:00,22.6,22.61818181818182,67.7,70.3,35.81818181818182,21.616814159292037,81.87610619469027
2025-12-07 03:00:00+07:00,22.45,22.441666666666666,67.575,70.3,35.333333333333336,21.47117117117117,81.8972972972973
2025-12-07 04:00:00+07:00,22.3,22.263636363636365,67.47272727272728,70.22727272727273,35.09090909090909,21.369642857142857,81.39375
2025-12-07 05:00:00+07:00,22.15833333333333,22.09166666666667,67.35000000000001,70.2,35.083333333333336,21.262385321100915,81.08348623853212
2025-12-07 06:00:00+07:00,22.1,22.0,67.36363636363636,70.27272727272727,35.0,21.55090909090909,82.38181818181818
2025-12-07 07:00:00+07:00,22.266666666666666,22.224999999999998,67.45833333333333,70.45833416666666,35.0,22.13448275862069,83.71465517241379
2025-12-07 08:00:00+07:00,22.641666666666666,22.708333333333332,67.75833333333334,70.65000500000001,35.0,22.57241379310345,85.48620689655172
2025-12-07 09:00:00+07:00,23.083333333333332,23.291666666666668,68.35000000000001,70.78333333333333,35.0,22.955172413793104,86.23879310344829
2025-12-07 10:00:00+07:00,23.5,23.8,69.125,70.73333333333333,35.0,23.18974358974359,85.76495726495726
2025-12-07 11:00:00+07:00,23.718181818181815,24.10909090909091,69.51818181818182,70.7,35.0,23.266037735849054,85.66037735849056
2025-12-07 12:00:00+07:00,23.854545454545452,24.29090909090909,69.7,70.7,35.0,23.305309734513273,86.84867256637168
2025-12-07 13:00:00+07:00,23.899999999999995,24.358333333333334,69.7,70.7,34.916666666666664,23.36551724137931,88.18189655172414
2025-12-07 14:00:00+07:00,23.991666666666664,24.441666666666666,69.78333333333333,70.7,35.0,23.406086956521737,88.38695652173914
2025-12-07 15:00:00+07:00,24.075000000000003,24.5,69.875,70.7,34.833333333333336,23.48611111111111,88.37592592592593
2025-12-07 16:00:00+07:00,24.100000000000005,24.600000000000005,69.9,70.7,34.5,23.5,88.20869565217392
2025-12-07 17:00:00+07:00,24.100000000000005,24.583333333333332,69.80833333333334,70.7,34.166666666666664,23.47179487179487,88.25128205128205
2025-12-07 18:00:00+07:00,24.036363636363635,24.49090909090909,69.65454545454546,70.79090909090908,34.0,23.371052631578944,88.0657894736842
2025-12-07 19:00:00+07:00,23.972727272727273,24.38181818181818,69.52727272727272,70.8,34.0,23.27217391304348,87.71739130434783
2025-12-07 20:00:00+07:00,23.858333333333334,24.258333333333336,69.425,70.81666666666666,34.0,23.179646017699117,87.37964601769912
2025-12-07 21:00:00+07:00,23.775000000000002,24.150000000000002,69.26666666666667,70.9,34.0,23.089655172413792,87.11120689655172
2025-12-07 22:00:00+07:00,23.7,24.03333333333333,69.14999999999999,70.9,34.0,23.000877192982454,86.67105263157895
2025-12-07 23:00:00+07:00,23.6,23.919999999999998,69.01,70.9,34.0,22.90181818181818,86.83818181818182
2025-12-08 00:00:00+07:00,23.544444444444444,23.833333333333332,69.0,70.94444444444444,33.666666666666664,22.9,87.2352380952381
2025-12-08 01:00:00+07:00,23.491666666666664,23.75,68.88333333333334,70.99166666666666,33.166666666666664,22.775000000000002,86.68189655172414
2025-12-08 02:00:00+07:00,23.366666666666664,23.633333333333336,68.75,70.925,33.25,22.574137931034482,85.24137931034483
2025-12-08 03:00:00+07:00,23.233333333333334,23.45,68.64999999999999,70.9,33.083333333333336,22.379310344827587,84.55
2025-12-08 04:00:00+07:00,23.075000000000003,23.25,68.52499999999999,70.9,33.0,22.270689655172415,84.22068965517242
2025-12-08 05:00:00+07:00,22.96666666666667,23.09166666666667,68.49166666666666,70.85833333333333,33.0,22.134188034188035,84.01367521367521
2025-12-08 06:00:00+07:00,22.9,23.0,68.43636363636364,70.84545454545454,33.0,22.32844827586207,84.63879310344828
2025-12-08 07:00:00+07:00,23.03333333333333,23.150000000000002,68.59166666666667,70.89166666666667,33.0,22.74736842105263,84.49473684210525
2025-12-08 08:00:00+07:00,23.316666666666666,23.53333333333333,68.96666666666667,71.12500416666667,33.0,23.124324324324327,84.29549549549549
2025-12-08 09:00:00+07:00,24.491666666666664,24.775000000000002,69.65833333333333,72.29166833333333,33.0,23.597345132743364,83.26637168141593
2025-12-08 10:00:00+07:00,25.941666666666666,25.71666666666667,67.825,72.50000166666668,33.0,24.341592920353982,81.26371681415928
2025-12-08 11:00:00+07:00,26.68,26.689999999999998,67.87,72.310004,33.0,24.78878504672897,82.68598130841121
2025-12-08 12:00:00+07:00,26.45,26.666666666666668,68.20395833333333,72.07125350000001,32.833333333333336,24.634862385321103,85.24678899082568
2025-12-08 13:00:00+07:00,22.535714285714285,22.75714285714286,68.53791666666667,71.832503,33.785714285714285,24.607894736842105,84.29473684210527
2025-12-08 14:00:00+07:00,24.862963231783823,25.2046978657874,68.871875,71.59375250000001,32.666666666666664,24.67758620689655,84.00172413793103
2025-12-08 15:00:00+07:00,22.21666666666667,19.175,69.20583333333335,71.35500200000001,30.75,25.02857142857143,82.94095238095237
2025-12-08 16:00:00+07:00,26.08181818181818,26.836363636363636,69.53979166666667,71.1162515,32.0,24.90173913043478,82.64608695652173
2025-12-08 17:00:00+07:00,25.675,26.308333333333334,69.87375,70.87750100000001,32.0,24.597115384615385,84.10673076923078
2025-12-08 18:00:00+07:00,25.349999999999998,25.933333333333334,70.20770833333334,70.6387505,31.916666666666668,24.306896551724137,85.66120689655173
2025-12-08 19:00:00+07:00,25.09166666666667,25.625,70.54166666666667,70.4,31.333333333333332,24.07179487179487,85.76581196581196
2025-12-08 20:00:00+07:00,24.900000000000002,25.375,70.50833333333334,70.55000166666666,31.166666666666668,23.959130434782605,83.98173913043478
2025-12-08 21:00:00+07:00,24.9,25.3,70.94545454545454,70.98182181818181,31.0,23.927192982456138,84.44561403508771
2025-12-08 22:00:00+07:00,24.791666666666668,25.2,70.97500000000001,71.22500083333334,31.0,23.712931034482757,84.5491379310345
2025-12-08 23:00:00+07:00,24.53333333333333,24.875,70.50833333333334,71.08333833333333,31.0,23.464957264957267,84.71965811965812
2025-12-09 00:00:00+07:00,24.3,24.633333333333336,70.22500000000001,70.91666666666667,31.0,23.317241379310346,84.56896551724138
2025-12-09 01:00:00+07:00,24.141666666666666,24.40833333333333,69.99166666666666,70.80833333333334,31.0,23.20603448275862,84.875
2025-12-09 02:00:00+07:00,23.991666666666664,24.241666666666664,69.85000000000001,70.72500000000001,30.833333333333332,23.07844827586207,85.43275862068967
2025-12-09 03:00:00+07:00,23.854545454545452,24.081818181818186,69.78181818181818,70.66364,30.636363636363637,22.94017094017094,84.57863247863249
2025-12-09 04:00:00+07:00,23.741666666666664,23.933333333333334,69.675,70.60001,30.333333333333332,22.824137931034482,84.64827586206896
2025-12-09 05:00:00+07:00,23.633333333333336,23.758333333333336,69.56666666666666,70.55833916666667,30.166666666666668,22.75344827586207,84.55862068965517
2025-12-09 06:00:00+07:00,23.566666666666666,23.7,69.5,70.5250025,30.0,22.825,85.63189655172413
2025-12-09 07:00:00+07:00,23.625,23.724999999999998,69.55,70.59167583333333,30.0,23.04310344827586,86.13534482758621
2025-12-09 08:00:00+07:00,23.78333333333333,23.933333333333334,69.72500000000001,70.6750025,30.0,23.36173913043478,84.79652173913044
2025-12-09 09:00:00+07:00,24.0,24.211111111111112,70.01111111111112,70.75555555555555,30.0,23.60353982300885,85.08318584070796
2025-12-09 10:00:00+07:00,24.325,24.583333333333332,70.48333333333333,70.875,30.0,24.077981651376145,86.08899082568809
2025-12-09 11:00:00+07:00,24.983333333333334,25.383333333333336,71.58333333333333,71.14167083333334,30.0,24.46206896551724,84.58275862068966
2025-12-09 12:00:00+07:00,25.366666666666664,25.891666666666666,71.85000000000001,71.2,30.0,24.497391304347826,83.96434782608695
2025-12-09 13:00:00+07:00,25.60909090909091,26.181818181818183,72.2090909090909,71.25454545454545,30.0,24.831481481481482,85.15555555555555
2025-12-09 14:00:00+07:00,25.8,26.483333333333334,72.36666666666666,71.325,30.0,24.9027027027027,83.2072072072072
2025-12-09 15:00:00+07:00,25.718181818181815,26.39090909090909,71.91818181818182,71.30000000000001,29.545454545454547,24.554782608695653,80.7295652173913
2025-12-09 16:00:00+07:00,25.316666666666666,25.974999999999998,71.49166666666666,71.10001,29.0,24.223478260869562,81.3008695652174
2025-12-09 17:00:00+07:00,25.083333333333332,25.691666666666666,71.24166666666666,71.0250025,29.083333333333332,24.207758620689653,83.60689655172413
2025-12-09 18:00:00+07:00,24.900000000000002,25.441666666666666,70.91666666666667,70.96666666666667,29.0,23.91578947368421,82.53333333333333
2025-12-09 19:00:00+07:00,24.641666666666666,25.108333333333334,70.54166666666667,70.76666666666667,29.0,23.713675213675213,82.63589743589743
2025-12-09 20:00:00+07:00,24.38333333333333,24.741666666666664,70.3,70.7,29.0,23.589655172413792,83.25689655172413
2025-12-09 21:00:00+07:00,24.218181818181815,24.481818181818184,70.12727272727273,70.71818181818182,29.0,23.400892857142857,83.94464285714285
2025-12-09 22:00:00+07:00,24.125,24.40833333333333,70.00833333333334,70.77499999999999,29.0,23.41120689655172,84.21637931034483
2025-12-09 23:00:00+07:00,24.075000000000003,24.358333333333334,69.86666666666667,70.69166833333334,29.0,23.247413793103448,83.27758620689656
2025-12-10 00:00:00+07:00,23.90833333333333,24.166666666666668,69.81666666666666,70.550005,28.916666666666668,23.042241379310347,81.94137931034483
2025-12-10 01:00:00+07:00,23.758333333333336,23.983333333333334,69.72500000000001,70.5,28.666666666666668,22.952136752136752,83.03675213675213
2025-12-10 02:00:00+07:00,23.641666666666666,23.833333333333332,69.59166666666665,70.43333333333334,28.166666666666668,22.78793103448276,82.78534482758621
2025-12-10 03:00:00+07:00,23.518181818181816,23.663636363636364,69.48181818181818,70.38181818181819,28.181818181818183,22.699137931034482,83.43275862068967
2025-12-10 04:00:00+07:00,23.416666666666668,23.558333333333334,69.38333333333334,70.31666666666666,28.0,22.593103448275862,83.37327586206897
2025-12-10 05:00:00+07:00,23.266666666666666,23.383333333333336,69.27499999999999,70.23333416666667,28.083333333333332,22.406837606837605,82.44786324786324
2025-12-10 06:00:00+07:00,23.2,23.28333333333333,69.21666666666667,70.20833333333333,28.0,22.603448275862068,83.425
2025-12-10 07:00:00+07:00,23.363636363636363,23.436363636363637,69.37272727272727,70.30909090909091,28.0,23.127586206896552,83.74827586206897
2025-12-10 08:00:00+07:00,23.675,23.8125,69.7,70.45,28.0,23.604,84.27600000000001
2025-12-10 09:00:00+07:00,24.15833333333333,24.375,70.43333333333334,70.58334166666667,28.0,23.92912621359223,84.06019417475729
2025-12-10 10:00:00+07:00,24.575,24.90833333333333,71.16666666666667,70.7,28.0,24.21,83.08363636363637
2025-12-10 11:00:00+07:00,25.025000000000002,25.46666666666667,71.89999999999999,70.77499999999999,28.0,24.60875,81.89
2025-12-10 12:00:00+07:00,25.7,26.28,72.71000000000001,70.89000000000001,28.0,25.308823529411764,80.61176470588235
2025-12-10 13:00:00+07:00,26.333333333333332,27.208333333333332,73.21666666666667,70.68333666666666,28.0,25.78316831683168,76.8069306930693
2025-12-10 14:00:00+07:00,26.683333333333334,27.741666666666664,73.3,70.55833916666667,28.0,25.817333333333334,75.88133333333334
2025-12-10 15:00:00+07:00,26.545454545454547,27.563636363636363,73.03636363636363,70.34545454545454,28.0,25.426881720430107,75.06344086021505
2025-12-10 16:00:00+07:00,26.008333333333336,26.974999999999998,71.14166666666667,70.15833416666668,27.333333333333332,24.91896551724138,75.13620689655171
2025-12-10 17:00:00+07:00,25.545454545454547,26.41818181818182,69.78181818181818,70.06364272727272,27.363636363636363,24.715929203539822,77.19380530973451
2025-12-10 18:00:00+07:00,25.349999999999998,26.09166666666667,70.1,70.10001,27.166666666666668,24.48715596330275,78.73211009174311
2025-12-10 19:00:00+07:00,25.175,25.791666666666668,70.00833333333334,70.10001,27.166666666666668,24.31931818181818,80.71931818181818
2025-12-10 20:00:00+07:00,25.03,25.56,69.78999999999999,70.08000799999999,27.1,24.386363636363637,81.36136363636363
2025-12-10 21:00:00+07:00,25.0,25.5,69.6,70.14546,27.0,24.440909090909088,80.71818181818182
2025-12-10 22:00:00+07:00,24.96666666666667,25.40833333333333,69.64999999999999,70.116675,27.0,24.148421052631576,80.18947368421053
2025-12-10 23:00:00+07:00,24.663636363636364,25.11818181818182,69.4090909090909,69.99091090909091,27.0,23.563636363636363,80.78295454545454
2025-12-11 00:00:00+07:00,24.40833333333333,24.8,69.25,69.85833333333333,27.0,23.354545454545452,81.17386363636363
2025-12-11 01:00:00+07:00,24.2,24.508333333333336,69.24166666666666,69.74166666666666,27.0,23.161538461538463,80.85897435897436
2025-12-11 02:00:00+07:00,23.958333333333332,24.25,69.05833333333332,69.60000833333334,27.0,22.891150442477876,79.84070796460178
2025-12-11 03:00:00+07:00,23.733333333333334,23.991666666666664,68.90833333333335,69.5,27.0,22.716379310344827,80.34224137931035
2025-12-11 04:00:00+07:00,23.566666666666666,23.775000000000002,68.75833333333334,69.41666666666667,27.0,22.608849557522124,80.42566371681416
2025-12-11 05:00:00+07:00,23.436363636363637,23.6,68.63636363636364,69.37272727272727,27.0,22.532758620689656,81.14913793103447
2025-12-11 06:00:00+07:00,23.399999999999995,23.5,68.6,69.375,27.0,22.761467889908257,83.19266055045871
2025-12-11 07:00:00+07:00,23.525000000000002,23.608333333333334,68.625,69.48333333333333,27.0,23.150877192982456,82.78947368421052
2025-12-11 08:00:00+07:00,23.733333333333334,23.858333333333334,68.83333333333333,69.56667333333333,27.0,23.45744680851064,83.71489361702127
2025-12-11 09:00:00+07:00,24.045454545454547,24.236363636363638,69.21818181818182,69.70909181818182,27.0,23.824719101123595,83.93258426966293
2025-12-11 10:00:00+07:00,24.5,24.875,69.75,69.9,26.916666666666668,24.122115384615384,83.41538461538462
2025-12-11 11:00:00+07:00,24.936363636363637,25.5,70.38181818181819,69.99090909090908,27.0,24.548648648648648,79.97837837837838
2025-12-11 12:00:00+07:00,25.53333333333333,26.34166666666667,71.39166666666667,70.0750075,26.416666666666668,25.15648148148148,79.85833333333333
2025-12-11 13:00:00+07:00,26.016666666666666,26.941666666666666,71.93333333333334,70.08334166666667,26.583333333333332,25.35818181818182,81.20181818181818
2025-12-11 14:00:00+07:00,26.41818181818182,27.045454545454547,69.39090909090909,68.79091363636364,26.272727272727273,25.335353535353534,78.48686868686869
2025-12-11 15:00:00+07:00,26.741666666666664,26.95,63.599999999999994,67.19167083333333,26.333333333333332,25.246808510638296,76.86808510638298
2025-12-11 16:00:00+07:00,26.3,26.8,65.95833333333333,68.1666675,26.0,24.914285714285715,78.28285714285715
2025-12-11 17:00:00+07:00,25.69090909090909,26.372727272727275,67.27272727272727,68.91818272727272,26.0,24.412820512820513,79.40598290598291
2025-12-11 18:00:00+07:00,25.325,25.958333333333332,67.40833333333335,69.26666833333333,26.0,24.269354838709678,81.02903225806452
2025-12-11 19:00:00+07:00,25.1,25.663636363636364,67.39090909090909,69.55454818181819,26.0,24.29032258064516,81.70967741935483
2025-12-11 20:00:00+07:00,25.03333333333333,25.483333333333334,67.7,69.89166833333333,26.0,24.205128205128204,82.46153846153847
2025-12-11 21:00:00+07:00,25.04,25.4,68.03999999999999,70.260002,26.0,24.21764705882353,82.35882352941177
2025-12-11 22:00:00+07:00,24.933333333333334,25.308333333333334,67.99166666666666,70.38333333333334,26.0,23.807317073170733,81.80609756097562
2025-12-11 23:00:00+07:00,24.650000000000002,25.03333333333333,67.58333333333333,70.01666916666666,25.666666666666668,23.514159292035398,81.87876106194689
2025-12-12 00:00:00+07:00,24.375,24.71666666666667,67.31666666666666,69.6583375,25.583333333333332,23.27758620689655,81.62155172413793
2025-12-12 01:00:00+07:00,24.154545454545453,24.481818181818184,67.27272727272727,69.46363727272727,25.181818181818183,23.10854700854701,82.15982905982906
2025-12-12 02:00:00+07:00,21.96666666666667,24.275000000000002,61.583333333333336,69.34166666666667,25.0,22.977391304347826,82.07217391304347
2025-12-12 03:00:00+07:00,23.858333333333334,24.075000000000003,67.05833333333332,69.24166666666666,25.083333333333332,22.92212389380531,81.16460176991151
2025-12-12 04:00:00+07:00,23.666666666666668,23.866666666666664,66.97500000000001,69.1250075,25.0,22.78125,80.51964285714287
2025-12-12 05:00:00+07:00,23.575000000000003,23.724999999999998,66.875,69.10001,25.0,22.665137614678898,82.04220183486238
2025-12-12 06:00:00+07:00,23.5,23.61666666666667,66.84166666666667,69.10001,25.0,22.758119658119657,83.1068376068376
2025-12-12 07:00:00+07:00,23.563636363636363,23.69090909090909,66.91818181818182,69.20000090909092,25.0,23.06695652173913,82.16260869565218
2025-12-12 08:00:00+07:00,23.7625,23.8875,67.1875,69.375,25.0,23.4625,80.22999999999999
2025-12-12 09:00:00+07:00,24.116666666666664,24.258333333333336,67.76666666666667,69.48333333333333,25.0,23.993548387096777,78.06774193548387
2025-12-12 10:00:00+07:00,24.650000000000002,24.8,68.69166666666666,69.44166666666668,25.0,24.449473684210524,78.14526315789473
2025-12-12 11:00:00+07:00,25.175,25.349999999999998,69.58333333333333,69.38333333333334,25.0,24.770297029702974,76.07821782178218
2025-12-12 12:00:00+07:00,25.49090909090909,25.763636363636362,70.14545454545454,69.3,25.0,24.92212389380531,73.67876106194691
2025-12-12 13:00:00+07:00,25.741666666666664,26.099999999999998,70.53333333333333,69.3,25.0,25.134615384615383,74.04615384615386
2025-12-12 14:00:00+07:00,26.03333333333333,26.416666666666668,70.84166666666667,69.30833333333332,25.0,25.377272727272725,76.11590909090908
2025-12-12 15:00:00+07:00,26.025000000000002,26.5,70.40833333333333,69.3,24.5,24.95090909090909,79.53636363636363
2025-12-12 16:00:00+07:00,25.71666666666667,26.28333333333333,69.74166666666666,69.39166666666667,24.25,24.73716814159292,80.67079646017699
2025-12-12 17:00:00+07:00,25.525000000000002,26.075000000000003,69.29166666666667,69.5,24.0,24.711940298507464,82.29402985074627
2025-12-12 18:00:00+07:00,25.4625,25.9625,68.9125,69.68750375,24.0,24.678125,81.4140625
2025-12-12 19:00:00+07:00,25.39090909090909,25.80909090909091,68.97272727272728,70.3818209090909,24.0,24.44625,80.03625
2025-12-12 20:00:00+07:00,25.099999999999998,25.566666666666666,68.51666666666667,70.1750025,24.0,23.98482142857143,79.49732142857144
2025-12-12 21:00:00+07:00,24.791666666666668,25.224999999999998,68.10000000000001,69.775,24.0,23.7551724137931,79.76379310344828
2025-12-12 22:00:00+07:00,24.563636363636363,24.963636363636365,67.86363636363636,69.50909363636364,24.0,23.585585585585587,79.95675675675676
2025-12-12 23:00:00+07:00,24.349999999999998,24.708333333333332,67.68333333333334,69.3,24.0,23.394827586206894,80.77155172413794
2025-12-13 00:00:00+07:00,24.175,24.491666666666664,67.58333333333333,69.11667,24.0,23.16293103448276,80.5396551724138
2025-12-13 01:00:00+07:00,23.933333333333334,24.208333333333332,67.40833333333333,68.90833333333333,24.0,22.845689655172414,79.6405172413793
2025-12-13 02:00:00+07:00,23.683333333333334,23.925,67.21666666666667,68.71666666666667,23.666666666666668,22.653846153846153,79.24358974358974
2025-12-13 03:00:00+07:00,23.53333333333333,23.7,67.1,68.616675,23.416666666666668,22.583478260869565,79.91391304347826
2025-12-13 04:00:00+07:00,23.40909090909091,23.518181818181816,67.01818181818182,68.60001,23.09090909090909,22.46810344827586,80.3051724137931
2025-12-13 05:00:00+07:00,23.28333333333333,23.366666666666664,66.90833333333335,68.5250025,23.0,22.33706896551724,79.8301724137931
2025-12-13 06:00:00+07:00,23.2,23.224999999999998,66.86666666666667,68.5333375,23.083333333333332,22.457264957264957,81.13504273504273
2025-12-13 07:00:00+07:00,23.266666666666666,23.308333333333334,66.875,68.75,23.0,22.876315789473686,80.96052631578948
2025-12-13 08:00:00+07:00,23.474999999999998,23.55,67.10833333333333,68.95,23.0,23.265217391304347,79.11652173913043
2025-12-13 09:00:00+07:00,23.883333333333336,23.95,67.625,69.00833416666667,23.0,23.70267857142857,78.56696428571429
2025-12-13 10:00:00+07:00,24.236363636363638,24.363636363636363,68.13636363636364,69.0,23.0,23.94537037037037,78.94722222222221
2025-12-13 11:00:00+07:00,24.424999999999997,24.633333333333336,68.31666666666666,68.96666666666667,23.0,23.994642857142857,79.53571428571429
2025-12-13 12:00:00+07:00,24.516666666666666,24.758333333333336,68.3,69.0,23.0,24.015454545454542,81.52999999999999
2025-12-13 13:00:00+07:00,24.650000000000002,24.924999999999997,68.51666666666667,69.06667333333333,23.0,24.174561403508772,81.0982456140351
2025-12-13 14:00:00+07:00,24.916666666666668,25.208333333333332,68.81666666666666,69.03333666666667,23.0,24.774509803921568,79.09803921568627
2025-12-13 15:00:00+07:00,25.0,25.366666666666664,68.81666666666666,69.00833416666667,22.916666666666668,24.811304347826088,79.68521739130433
2025-12-13 16:00:00+07:00,25.0,25.481818181818184,68.8,69.08182636363637,22.363636363636363,24.75,81.73039215686275
2025-12-13 17:00:00+07:00,25.03,25.5,68.78,69.070007,22.1,24.62441860465116,83.43720930232558
2025-12-13 18:00:00+07:00,25.0,25.5,68.65833333333333,69.10001,22.083333333333332,24.470588235294116,83.4921568627451
2025-12-13 19:00:00+07:00,24.916666666666668,25.40833333333333,68.51666666666667,69.13333999999999,22.0,24.33047619047619,83.50857142857143
2025-12-13 20:00:00+07:00,24.816666666666666,25.3,68.35000000000001,69.2,22.0,24.221052631578946,84.1798245614035
2025-12-13 21:00:00+07:00,24.741666666666664,25.175,68.19166666666666,69.2,22.0,24.09659090909091,84.88181818181819
2025-12-13 22:00:00+07:00,24.654545454545453,25.045454545454547,68.05454545454545,69.2,22.0,23.957281553398058,85.29902912621358
2025-12-13 23:00:00+07:00,24.55454545454546,24.91818181818182,67.91818181818182,69.22727272727273,22.0,23.81904761904762,86.0647619047619
2025-12-14 00:00:00+07:00,24.5,24.8,67.9,69.35,22.0,23.751923076923074,86.32980769230768
2025-12-14 01:00:00+07:00,24.391666666666666,24.724999999999998,67.9,69.30833333333332,22.0,23.527358490566037,86.49528301886792
2025-12-14 02:00:00+07:00,24.3,24.600000000000005,67.84166666666667,69.3,22.0,23.507758620689657,86.04741379310344
2025-12-14 03:00:00+07:00,24.233333333333334,24.508333333333336,67.79166666666667,69.3,22.0,23.443478260869565,86.05565217391305
2025-12-14 04:00:00+07:00,24.163636363636364,24.4,67.74545454545455,69.3,22.0,23.316981132075473,85.67547169811321
2025-12-14 05:00:00+07:00,24.09166666666667,24.3,67.7,69.35000000000001,22.0,23.3,85.53010752688172
2025-12-14 06:00:00+07:00,24.0,24.2,67.65833333333333,69.4,22.0,23.296511627906977,85.28255813953488
2025-12-14 07:00:00+07:00,24.008333333333336,24.21666666666667,67.675,69.45,22.0,23.497402597402598,85.26883116883117
2025-12-14 08:00:00+07:00,24.233333333333334,24.5,68.075,69.36666666666666,22.0,24.125252525252527,84.80707070707071
2025-12-14 09:00:00+07:00,24.490000000000002,24.8,68.74,69.21000000000001,22.0,24.138297872340427,84.13510638297872
2025-12-14 10:00:00+07:00,24.5,24.81,68.9,69.28999999999999,21.9,23.86,85.12545454545455
2025-12-14 11:00:00+07:00,24.5,24.79090909090909,68.97272727272728,69.42727272727274,21.818181818181817,23.896296296296295,85.52222222222223
2025-12-14 12:00:00+07:00,24.583333333333332,24.875,69.45833333333333,69.54167166666666,21.333333333333332,24.244155844155845,85.83246753246753
2025-12-14 13:00:00+07:00,24.854545454545452,25.20909090909091,70.05454545454546,69.47272727272728,21.181818181818183,24.52,84.78190476190477
2025-12-14 14:00:00+07:00,24.899999999999995,25.46666666666667,69.9,69.36666666666667,21.083333333333332,24.477358490566036,85.48018867924527
2025-12-14 15:00:00+07:00,24.9,25.44545454545454,69.73636363636363,69.31818181818181,21.0,24.41111111111111,84.85925925925925
2025-12-14 16:00:00+07:00,24.941666666666666,25.441666666666666,70.51666666666667,70.30833416666667,21.0,24.291964285714283,84.92589285714287
2025-12-14 17:00:00+07:00,24.849999999999998,25.383333333333336,70.09166666666667,70.16667083333333,21.0,24.081196581196583,85.8940170940171
2025-12-14 18:00:00+07:00,24.724999999999998,25.183333333333334,69.675,70.09167583333333,21.0,23.955555555555552,86.81203703703704
2025-12-14 19:00:00+07:00,24.691666666666666,25.100000000000005,70.11666666666666,70.183335,20.75,23.786956521739132,87.46260869565218
2025-12-14 20:00:00+07:00,24.59166666666667,25.025000000000002,72.51666666666667,70.25,20.833333333333332,23.50862068965517,87.44396551724138
2025-12-14 21:00:00+07:00,24.363636363636363,24.9,72.84545454545454,70.50909363636364,20.818181818181817,23.323275862068964,87.30948275862069
2025-12-14 22:00:00+07:00,24.275000000000002,24.8,73.14166666666667,70.73333416666667,20.333333333333332,23.234188034188033,87.42222222222222
2025-12-14 23:00:00+07:00,24.108333333333334,24.675,73.04166666666667,70.98333333333333,20.333333333333332,23.03965517241379,86.78620689655173
2025-12-15 00:00:00+07:00,24.15,24.52,72.22999999999999,71.190002,20.0,22.88918918918919,86.44594594594595
2025-12-15 01:00:00+07:00,24.06,24.419999999999998,71.8,71.010001,20.0,22.74259259259259,86.03796296296296
2025-12-15 02:00:00+07:00,23.645454545454548,24.245454545454546,71.49090909090908,70.83636363636364,20.0,22.58103448275862,84.51120689655171
2025-12-15 03:00:00+07:00,23.46666666666667,24.008333333333336,70.7,70.86666666666666,20.0,22.462931034482757,83.19137931034483
2025-12-15 04:00:00+07:00,23.336363636363636,23.745454545454546,70.74545454545455,71.21818454545455,20.0,22.308256880733943,82.94311926605504
2025-12-15 05:00:00+07:00,23.21666666666667,23.525000000000002,70.69166666666668,71.35000000000001,20.0,22.08534482758621,84.8905172413793
2025-12-15 06:00:00+07:00,23.2,23.483333333333334,70.59166666666665,71.4,20.0,22.337931034482757,85.61810344827587
2025-12-15 07:00:00+07:00,23.291666666666668,23.566666666666666,70.55833333333332,71.33333333333333,20.0,22.847863247863245,85.03247863247863
2025-12-15 08:00:00+07:00,23.518181818181816,23.79090909090909,70.68181818181819,71.23636454545455,20.0,23.306140350877193,84.25964912280702
2025-12-15 09:00:00+07:00,23.775000000000002,24.03333333333333,70.94166666666666,71.05833916666667,20.0,23.570689655172416,84.06120689655172
2025-12-15 10:00:00+07:00,24.016666666666666,24.291666666666668,71.26666666666667,70.91666666666667,20.0,23.837931034482757,83.83362068965518
2025-12-15 11:00:00+07:00,24.391666666666666,24.616666666666664,72.01666666666667,70.77499999999999,20.0,24.320353982300883,82.54159292035399
2025-12-15 12:00:00+07:00,24.75,24.983333333333334,72.61666666666666,70.65000500000001,19.416666666666668,24.497297297297294,82.49549549549549
2025-12-15 13:00:00+07:00,24.866666666666664,25.166666666666668,72.78333333333333,70.55833916666667,19.5,24.53913043478261,79.69826086956522
2025-12-15 14:00:00+07:00,25.058333333333334,25.375,73.08333333333333,70.5,19.0,24.75862068965517,78.48189655172413
2025-12-15 15:00:00+07:00,25.263636363636362,25.581818181818186,73.35454545454546,70.42727272727274,19.0,24.899999999999995,79.43063063063063
2025-12-15 16:00:00+07:00,25.316666666666666,25.691666666666666,73.25,70.4,19.0,24.851020408163265,79.96020408163265
2025-12-15 17:00:00+07:00,25.3,25.7,73.01818181818182,70.4,19.0,24.743877551020407,82.56938775510204
2025-12-15 18:00:00+07:00,25.233333333333334,25.666666666666668,72.675,70.46666666666667,19.0,24.542241379310347,83.63706896551724
2025-12-15 19:00:00+07:00,25.12727272727273,25.563636363636363,72.37272727272727,70.5,19.0,24.352040816326532,83.95714285714286
2025-12-15 20:00:00+07:00,24.99090909090909,25.454545454545453,72.05454545454546,70.5,19.0,24.142477876106195,83.76991150442478
2025-12-15 21:00:00+07:00,24.825,25.3,71.75,70.5,19.0,23.812844036697246,83.04128440366972
2025-12-15 22:00:00+07:00,24.616666666666664,25.066666666666666,71.43333333333334,70.50833416666667,18.666666666666668,23.455681818181816,82.75
2025-12-15 23:00:00+07:00,24.375,24.808333333333334,71.19166666666666,70.55833916666667,18.583333333333332,23.232692307692307,82.28653846153846
2025-12-16 00:00:00+07:00,24.175,24.575,70.97500000000001,70.60001,18.0,22.953097345132743,81.3141592920354
2025-12-16 01:00:00+07:00,23.916666666666668,24.3,70.81666666666666,70.6416725,18.166666666666668,22.63362068965517,80.67672413793103
2025-12-16 02:00:00+07:00,23.691666666666666,24.041666666666668,70.64999999999999,70.616675,18.0,22.367521367521366,80.46923076923076
2025-12-16 03:00:00+07:00,23.463636363636365,23.79090909090909,70.47272727272728,70.60001,18.0,22.18103448275862,80.40948275862068
2025-12-16 04:00:00+07:00,23.266666666666666,23.575,70.35000000000001,70.54167083333333,18.0,21.8801724137931,79.94741379310345
2025-12-16 05:00:00+07:00,23.03333333333333,23.291666666666668,70.18333333333334,70.50833416666667,18.0,21.695689655172412,79.72672413793103
2025-12-16 06:00:00+07:00,22.924999999999997,23.166666666666668,70.1,70.55000333333334,18.0,22.135344827586206,80.70775862068966
2025-12-16 07:00:00+07:00,23.15833333333333,23.40833333333333,70.14999999999999,70.7,17.916666666666668,23.041880341880344,79.91538461538462
2025-12-16 08:00:00+07:00,23.525000000000002,23.758333333333336,70.46666666666667,70.7,17.916666666666668,23.575,79.175
2025-12-16 09:00:00+07:00,23.94545454545454,24.154545454545453,71.16363636363636,70.63637,17.727272727272727,24.114814814814817,77.00092592592593
2025-12-16 10:00:00+07:00,24.474999999999998,24.650000000000002,72.2,70.508335,17.083333333333332,24.69391304347826,75.29739130434783
2025-12-16 11:00:00+07:00,25.008333333333336,25.166666666666668,73.14166666666667,70.375,17.166666666666668,25.193577981651377,74.04220183486238
2025-12-16 12:00:00+07:00,25.525000000000002,25.691666666666666,73.96666666666667,70.24166666666666,17.083333333333332,25.644086021505377,70.51505376344086
2025-12-16 13:00:00+07:00,25.991666666666664,26.141666666666666,74.60000000000001,70.1250075,17.0,25.935211267605634,70.44366197183099
2025-12-16 14:00:00+07:00,26.363636363636363,26.536363636363635,74.9,70.02727545454546,17.0,26.189655172413794,74.54367816091954
2025-12-16 15:00:00+07:00,26.566666666666666,26.8,74.79166666666667,69.99166666666666,17.0,26.2,74.87735849056604
2025-12-16 16:00:00+07:00,26.6,26.9,74.51818181818182,69.96363636363637,17.0,26.122077922077924,75.92727272727272
2025-12-16 17:00:00+07:00,26.483333333333334,26.88333333333333,73.97500000000001,70.0,17.0,25.775471698113204,77.27830188679245
2025-12-16 18:00:00+07:00,26.166666666666668,26.683333333333334,73.25,70.0250025,17.0,25.236842105263158,77.98157894736842
2025-12-16 19:00:00+07:00,25.85,26.419999999999998,72.62,70.090009,17.0,24.755963302752296,78.6788990825688
2025-12-16 20:00:00+07:00,25.518181818181816,26.08181818181818,72.0,70.10001,17.0,24.35049504950495,79.06633663366337
2025-12-16 21:00:00+07:00,25.25,25.78333333333333,71.52499999999999,70.19166750000001,17.0,24.141304347826086,80.40652173913043
2025-12-16 22:00:00+07:00,25.072727272727274,25.545454545454547,71.18181818181819,70.2,17.0,24.024770642201833,81.14587155963302
2025-12-16 23:00:00+07:00,24.891666666666666,25.349999999999998,70.89166666666667,70.2,17.0,23.742857142857144,80.80190476190477
2025-12-17 00:00:00+07:00,24.625,25.066666666666666,70.58333333333333,70.21666666666667,17.0,23.398275862068964,79.31206896551724
2025-12-17 01:00:00+07:00,24.39090909090909,24.79090909090909,70.42727272727274,70.2,16.727272727272727,23.122123893805313,79.50973451327434
2025-12-17 02:00:00+07:00,24.127272727272725,24.49090909090909,70.26363636363637,70.12728,16.636363636363637,22.745689655172413,78.80086206896551
2025-12-17 03:00:00+07:00,23.858333333333334,24.166666666666668,70.11666666666666,70.050005,16.333333333333332,22.391304347826086,78.26347826086956
2025-12-17 04:00:00+07:00,23.59166666666667,23.849999999999998,69.925,70.0,16.166666666666668,22.191379310344825,77.75258620689655
2025-12-17 05:00:00+07:00,23.358333333333334,23.575,69.74166666666666,69.90833333333335,16.0,21.970175438596492,77.60526315789474
2025-12-17 06:00:00+07:00,23.208333333333332,23.399999999999995,69.675,69.925,16.0,22.325000000000003,78.89741379310345
2025-12-17 07:00:00+07:00,23.391666666666666,23.608333333333334,69.7,70.09167583333333,16.0,23.075675675675676,79.45315315315315
2025-12-17 08:00:00+07:00,23.645454545454548,23.88181818181818,69.76363636363637,70.19091,16.0,23.582608695652173,79.48782608695653
2025-12-17 09:00:00+07:00,24.08181818181818,24.272727272727273,70.34545454545454,70.12728,16.0,24.333333333333332,76.90933333333334
2025-12-17 10:00:00+07:00,25.09166666666667,25.349999999999998,71.08333333333333,69.92500166666666,15.75,25.801369863013697,73.60958904109589
2025-12-17 11:00:00+07:00,25.875,26.225,71.375,69.5500025,15.75,26.356666666666666,73.21499999999999
